Word,Frequency,Probability
ACQUAINTANCE,1,0.00008
ACTUAL,1,0.00008
AGREE,2,0.00016
AGREEMENT,1,0.00008
APPEARANCE,1,0.00008
ASCII,2,0.00016
Absolute,3,0.00024
Acquaintance,1,0.00008
Additional,1,0.00008
Archive,13,0.00104
Assuming,3,0.00024
Author,1,0.00008
Awareness,1,0.00008
BIBLIOGRAPHICAL,1,0.00008
BREACH,2,0.00016
Balfour,2,0.00016
Bannerman,1,0.00008
Berkeley,26,0.00208
Bertrand,3,0.00024
Bishop,2,0.00016
Bismarck,16,0.00128
Books,1,0.00008
Bradley,1,0.00008
British,1,0.00008
Broadly,1,0.00008
Brown,6,0.00048
CHAPTER,15,0.00120
CONSEQUENTIAL,1,0.00008
CONTRACT,1,0.00008
Caesar,4,0.00032
Campbell,1,0.00008
Cantor,1,0.00008
Cassio,28,0.00224
Chancellor,4,0.00032
Chapter,4,0.00032
Charles,4,0.00032
China,2,0.00016
City,1,0.00008
Common,2,0.00016
Compliance,1,0.00008
Considered,1,0.00008
Contact,1,0.00008
Continental,1,0.00008
Contributions,1,0.00008
Copyright,1,0.00008
Creating,1,0.00008
DAMAGE,1,0.00008
DAMAGES,2,0.00016
DESCRIPTION,1,0.00008
DIRECT,1,0.00008
DISCLAIMER,1,0.00008
DISTRIBUTE,1,0.00008
DISTRIBUTOR,1,0.00008
DONATIONS,1,0.00008
December,1,0.00008
Defect,1,0.00008
Defects,1,0.00008
Degrees,1,0.00008
Descartes,6,0.00048
Desdemona,25,0.00200
Dialogues,2,0.00016
Domestic,1,0.00008
Donations,2,0.00016
EBOOK,2,0.00016
EIN,1,0.00008
ERROR,1,0.00008
EXISTENCE,1,0.00008
EXPRESS,1,0.00008
Earth,1,0.00008
East,1,0.00008
Edinburgh,8,0.00064
Email,1,0.00008
Emperor,2,0.00016
Empire,5,0.00040
England,1,0.00008
English,1,0.00008
Euclid,1,0.00008
Euclidean,2,0.00016
Europe,1,0.00008
Experience,2,0.00016
FALSEHOOD,1,0.00008
FITNESS,1,0.00008
FOUNDATION,1,0.00008
Food,1,0.00008
Foundation,23,0.00184
French,2,0.00016
Future,1,0.00008
GUTENBERG,3,0.00024
Georg,1,0.00008
George,1,0.00008
German,6,0.00048
Germany,2,0.00016
Gilbert,1,0.00008
God,10,0.00080
Gordon,1,0.00008
Granted,1,0.00008
Greek,2,0.00016
Greeks,1,0.00008
Gutenberg,29,0.00232
Hart,1,0.00008
Hegel,8,0.00064
Henry,1,0.00008
Human,1,0.00008
Hume,7,0.00056
Hylas,3,0.00024
IDEALISM,1,0.00008
III,1,0.00008
IMPLIED,1,0.00008
INCIDENTAL,1,0.00008
INCLUDING,1,0.00008
INDEMNITY,1,0.00008
INDIRECT,1,0.00008
INDUCTION,1,0.00008
INTUITIVE,1,0.00008
IRS,1,0.00008
IV,3,0.00024
IX,2,0.00016
Idea,2,0.00016
Idealists,1,0.00008
Ides,1,0.00008
Immanuel,1,0.00008
Instances,1,0.00008
Internal,1,0.00008
International,1,0.00008
Jones,7,0.00056
Judgements,1,0.00008
Judging,1,0.00008
Julius,4,0.00032
June,1,0.00008
KNOWLEDGE,8,0.00064
Kant,25,0.00200
Kantian,1,0.00008
Keener,1,0.00008
Keynes,1,0.00008
King,4,0.00032
Knowledge,4,0.00032
KÃ¶nigsberg,1,0.00008
LIABILITY,1,0.00008
LIABLE,1,0.00008
LICENSE,2,0.00016
LIMITED,3,0.00024
LIMITS,1,0.00008
Lake,1,0.00008
Language,1,0.00008
Latin,1,0.00008
Leaving,1,0.00008
Leibniz,8,0.00064
Library,1,0.00008
License,10,0.00080
Light,1,0.00008
Literary,13,0.00104
Locke,1,0.00008
London,11,0.00088
MATTER,2,0.00016
MERCHANTABILITY,1,0.00008
March,1,0.00008
Memories,1,0.00008
Michael,1,0.00008
Minister,6,0.00048
Mission,1,0.00008
Mississippi,1,0.00008
Moore,1,0.00008
Murray,1,0.00008
NATURE,1,0.00008
NEGLIGENCE,1,0.00008
NOTE,1,0.00008
NOTICE,1,0.00008
Neglecting,1,0.00008
Newton,1,0.00008
North,1,0.00008
OPINION,1,0.00008
OWNER,1,0.00008
Opposition,1,0.00008
Othello,17,0.00136
PARAGRAPH,1,0.00008
PGLAF,1,0.00008
PHILOSOPHICAL,1,0.00008
PHILOSOPHY,4,0.00032
POSSIBILITY,1,0.00008
PREFACE,1,0.00008
PRINCIPLES,1,0.00008
PROBABLE,1,0.00008
PROJECT,4,0.00032
PUNITIVE,1,0.00008
PURPOSE,1,0.00008
Philonous,2,0.00016
Philosophic,2,0.00016
Philosophical,1,0.00008
Philosophy,9,0.00072
Physical,2,0.00016
Plain,2,0.00016
Plato,11,0.00088
Prime,6,0.00048
Principles,1,0.00008
Produced,1,0.00008
Professor,2,0.00016
Project,85,0.00679
Pronouns,1,0.00008
Prussia,1,0.00008
READ,1,0.00008
REALITY,1,0.00008
REFUND,1,0.00008
REMEDIES,1,0.00008
REPLACEMENT,1,0.00008
Rationalists,1,0.00008
Reality,2,0.00016
Redistributing,1,0.00008
Redistribution,1,0.00008
Reflection,1,0.00008
Refund,1,0.00008
Release,1,0.00008
Replacement,1,0.00008
Returning,1,0.00008
Revenue,1,0.00008
Revolution,1,0.00008
Robinson,6,0.00048
Roman,1,0.00008
Royalty,2,0.00016
Russell,3,0.00024
SEND,1,0.00008
START,2,0.00016
STRICT,1,0.00008
Salt,1,0.00008
Sceptics,1,0.00008
Science,2,0.00016
Sections,1,0.00008
Service,1,0.00008
Sir,1,0.00008
Smith,6,0.00048
Socrates,14,0.00112
Solar,2,0.00016
Space,1,0.00008
Speaking,1,0.00008
Special,1,0.00008
Spinoza,3,0.00024
Starting,1,0.00008
Struldbugs,1,0.00008
Suppose,8,0.00064
Swift,1,0.00008
TRADEMARK,1,0.00008
TRUTH,1,0.00008
Terms,2,0.00016
Times,1,0.00008
Title,1,0.00008
Truth,1,0.00008
Truths,1,0.00008
UNIVERSALS,2,0.00016
UT,1,0.00008
Uneducated,1,0.00008
Unionist,4,0.00032
United,15,0.00120
Universals,1,0.00008
Universe,1,0.00008
University,1,0.00008
Updated,1,0.00008
VII,2,0.00016
VIII,1,0.00008
Vanilla,2,0.00016
Volunteers,1,0.00008
WARRANTIES,2,0.00016
WARRANTY,2,0.00016
War,1,0.00008
Waterloo,1,0.00008
West,1,0.00008
Whitehead,1,0.00008
XI,2,0.00016
XII,1,0.00008
XIII,1,0.00008
XIV,1,0.00008
XV,1,0.00008
York,1,0.00008
abandon,2,0.00016
abide,1,0.00008
absence,2,0.00016
absent,3,0.00024
absolute,11,0.00088
absolutely,3,0.00024
abstain,1,0.00008
abstract,7,0.00056
abstracted,1,0.00008
abstraction,4,0.00032
abstractions,1,0.00008
abstractly,1,0.00008
absurd,5,0.00040
absurdities,1,0.00008
absurdity,3,0.00024
accept,3,0.00024
acceptance,1,0.00008
accepted,4,0.00032
accepting,4,0.00032
accepts,1,0.00008
access,10,0.00080
accessed,1,0.00008
accessible,1,0.00008
accident,1,0.00008
accidental,1,0.00008
accidents,1,0.00008
accompanied,1,0.00008
accord,1,0.00008
account,18,0.00144
accounted,4,0.00032
accounting,1,0.00008
accurate,1,0.00008
accusative,1,0.00008
accustomed,2,0.00016
achieve,1,0.00008
achieved,4,0.00032
achieves,1,0.00008
acquaintance,75,0.00599
acquainted,70,0.00559
acquiesce,1,0.00008
acquiescence,1,0.00008
acquire,5,0.00040
acquired,2,0.00016
acquiring,2,0.00016
acquisition,1,0.00008
action,4,0.00032
actions,2,0.00016
active,2,0.00016
activity,1,0.00008
acts,4,0.00032
actual,27,0.00216
acute,1,0.00008
adapts,1,0.00008
adding,1,0.00008
addition,8,0.00064
additional,2,0.00016
additions,2,0.00016
address,1,0.00008
addresses,1,0.00008
adduced,1,0.00008
adequacy,1,0.00008
adequate,2,0.00016
adequately,1,0.00008
adjectives,5,0.00040
admirable,1,0.00008
admission,2,0.00016
admit,14,0.00112
admits,2,0.00016
admitted,6,0.00048
admitting,1,0.00008
admixture,1,0.00008
adopt,6,0.00048
advance,4,0.00032
advanced,3,0.00024
advances,1,0.00008
adversaries,1,0.00008
advocate,1,0.00008
advocated,6,0.00048
advocates,1,0.00008
advocating,1,0.00008
aeroplanes,2,0.00016
aesthetic,1,0.00008
aether,1,0.00008
affairs,1,0.00008
affections,1,0.00008
affirm,2,0.00016
affirmative,1,0.00008
affirmed,2,0.00016
afford,3,0.00024
afforded,1,0.00008
affords,2,0.00016
age,4,0.00032
agent,1,0.00008
agree,10,0.00080
agreeably,1,0.00008
agreed,5,0.00040
agreement,18,0.00144
aim,1,0.00008
aimed,1,0.00008
aims,3,0.00024
air,5,0.00040
akin,1,0.00008
alien,1,0.00008
alive,2,0.00016
allowed,1,0.00008
allowing,1,0.00008
alter,2,0.00016
alteration,1,0.00008
altered,1,0.00008
alternate,1,0.00008
alternatives,1,0.00008
alters,1,0.00008
altogether,5,0.00040
ambiguity,3,0.00024
ambiguous,5,0.00040
ambitious,1,0.00008
amend,1,0.00008
amply,1,0.00008
analogous,1,0.00008
analyse,1,0.00008
analyses,1,0.00008
analysing,2,0.00016
analysis,8,0.00064
analytic,3,0.00024
anatomist,1,0.00008
angles,3,0.00024
animal,1,0.00008
animals,6,0.00048
announcement,1,0.00008
announces,2,0.00016
answer,27,0.00216
answered,2,0.00016
answering,3,0.00024
answers,11,0.00088
anticipate,1,0.00008
anticipating,1,0.00008
anticipation,1,0.00008
antithesis,3,0.00024
anxious,2,0.00016
apparent,13,0.00104
appeal,4,0.00032
appealing,2,0.00016
appearance,12,0.00096
appearances,1,0.00008
appeared,5,0.00040
appearing,1,0.00008
appears,17,0.00136
appetite,1,0.00008
applicable,12,0.00096
application,1,0.00008
applications,3,0.00024
applied,1,0.00008
applies,17,0.00136
apply,9,0.00072
applying,2,0.00016
apportions,1,0.00008
apprehend,3,0.00024
apprehended,10,0.00080
apprehending,2,0.00016
apprehends,1,0.00008
apprehension,3,0.00024
approach,5,0.00040
approaches,1,0.00008
approaching,1,0.00008
apt,5,0.00040
arduous,1,0.00008
argue,5,0.00040
argued,2,0.00016
argues,1,0.00008
arguing,1,0.00008
argument,26,0.00208
arguments,16,0.00128
arises,4,0.00032
arithmetic,11,0.00088
arithmetical,3,0.00024
arm,3,0.00024
arose,1,0.00008
arrange,1,0.00008
arranged,2,0.00016
arrangement,3,0.00024
array,1,0.00008
arrive,7,0.00056
arrived,1,0.00008
arriving,1,0.00008
arrogant,1,0.00008
artificial,1,0.00008
ascertain,2,0.00016
ascertainable,2,0.00016
ascertained,1,0.00008
aspect,2,0.00016
assassinated,1,0.00008
assent,2,0.00016
assented,1,0.00008
assert,7,0.00056
asserted,2,0.00016
asserting,3,0.00024
assertion,3,0.00024
asserts,7,0.00056
assigns,1,0.00008
assimilate,1,0.00008
assist,1,0.00008
assistance,3,0.00024
associate,2,0.00016
association,10,0.00080
associations,2,0.00016
assume,10,0.00080
assumed,4,0.00032
assumes,3,0.00024
assuming,3,0.00024
assumption,2,0.00016
assumptions,1,0.00008
assurance,1,0.00008
assure,1,0.00008
assured,1,0.00008
astray,1,0.00008
astronomy,2,0.00016
astute,4,0.00032
ate,1,0.00008
atoms,1,0.00008
attach,2,0.00016
attached,1,0.00008
attack,1,0.00008
attain,1,0.00008
attainable,1,0.00008
attained,3,0.00024
attempt,16,0.00128
attempted,2,0.00016
attempts,4,0.00032
attendant,2,0.00016
attention,5,0.00040
attested,1,0.00008
attitude,1,0.00008
attributing,1,0.00008
avoid,5,0.00040
avoided,1,0.00008
avoiding,1,0.00008
aware,24,0.00192
awareness,2,0.00016
axioms,3,0.00024
babies,1,0.00008
bad,3,0.00024
bald,3,0.00024
baldness,1,0.00008
balloons,2,0.00016
banging,1,0.00008
bar,1,0.00008
bare,2,0.00016
barrier,1,0.00008
based,14,0.00112
basis,8,0.00064
battle,3,0.00024
bear,2,0.00016
bearing,2,0.00016
bed,1,0.00008
beech,10,0.00080
beg,1,0.00008
begging,1,0.00008
beginner,1,0.00008
begs,1,0.00008
begun,1,0.00008
behave,1,0.00008
behaviour,1,0.00008
beleagured,1,0.00008
belief,99,0.00791
beliefs,50,0.00399
believed,13,0.00104
believes,18,0.00144
believing,19,0.00152
bell,1,0.00008
bells,2,0.00016
belong,3,0.00024
belongs,9,0.00072
bewildering,1,0.00008
bid,1,0.00008
bigger,1,0.00008
binary,1,0.00008
binds,1,0.00008
black,2,0.00016
blank,1,0.00008
blind,12,0.00096
blue,7,0.00056
bodies,8,0.00064
body,25,0.00200
bolder,1,0.00008
bone,1,0.00008
books,3,0.00024
bored,1,0.00008
born,4,0.00032
borne,1,0.00008
bought,2,0.00016
bound,3,0.00024
boundaries,2,0.00016
bounds,1,0.00008
brain,2,0.00016
bread,2,0.00016
breakfast,3,0.00024
brick,1,0.00008
briefest,1,0.00008
brighter,1,0.00008
brightness,1,0.00008
bring,3,0.00024
brings,2,0.00016
broadly,3,0.00024
broken,1,0.00008
brought,4,0.00032
brown,8,0.00064
build,1,0.00008
builder,1,0.00008
buildings,1,0.00008
built,2,0.00016
business,6,0.00048
calculate,1,0.00008
calculated,1,0.00008
called,49,0.00391
calling,2,0.00016
calls,5,0.00040
calm,1,0.00008
calmly,2,0.00016
camps,1,0.00008
candid,1,0.00008
candidate,7,0.00056
candidates,2,0.00016
capable,16,0.00128
card,1,0.00008
care,6,0.00048
careful,1,0.00008
carefully,2,0.00016
carelessly,1,0.00008
carry,1,0.00008
cat,5,0.00040
catalogue,1,0.00008
catalogued,1,0.00008
catching,1,0.00008
categories,1,0.00008
causality,2,0.00016
caused,5,0.00040
causing,1,0.00008
cease,4,0.00032
ceased,4,0.00032
ceases,5,0.00040
cement,3,0.00024
centuries,1,0.00008
century,1,0.00008
certainty,32,0.00256
chair,2,0.00016
chairs,2,0.00016
challenged,2,0.00016
chance,1,0.00008
change,5,0.00040
changeable,1,0.00008
changed,1,0.00008
changing,2,0.00016
chapter,28,0.00224
chapters,5,0.00040
character,5,0.00040
characteristic,6,0.00048
characteristics,9,0.00072
characters,2,0.00016
charge,6,0.00048
charges,2,0.00016
charitable,1,0.00008
charities,1,0.00008
check,4,0.00032
checks,1,0.00008
chicken,4,0.00032
chief,6,0.00048
chiefly,2,0.00016
child,1,0.00008
chimaera,1,0.00008
chime,3,0.00024
choice,1,0.00008
choose,3,0.00024
chosen,1,0.00008
circle,4,0.00032
circular,4,0.00032
circumstances,6,0.00048
citizens,1,0.00008
citizenship,1,0.00008
city,1,0.00008
claim,5,0.00040
clash,1,0.00008
clashes,1,0.00008
class,5,0.00040
clean,1,0.00008
clearer,2,0.00016
clock,1,0.00008
close,2,0.00016
closed,1,0.00008
closely,2,0.00016
closer,1,0.00008
closes,1,0.00008
cloth,3,0.00024
clouds,1,0.00008
coalesce,1,0.00008
codes,1,0.00008
coexistence,3,0.00024
cohere,1,0.00008
coherence,6,0.00048
coherent,8,0.00064
coin,1,0.00008
coins,1,0.00008
collection,13,0.00104
collections,3,0.00024
collective,1,0.00008
colony,1,0.00008
colour,57,0.00455
colours,12,0.00096
combination,1,0.00008
combine,1,0.00008
combined,2,0.00016
coming,1,0.00008
commentators,2,0.00016
commercial,1,0.00008
commit,1,0.00008
committed,2,0.00016
common,32,0.00256
commonest,2,0.00016
commonly,10,0.00080
communicate,1,0.00008
community,1,0.00008
comparative,1,0.00008
compare,1,0.00008
compared,1,0.00008
comparing,1,0.00008
comparison,3,0.00024
compelled,5,0.00040
competent,1,0.00008
compilation,1,0.00008
complement,1,0.00008
complete,6,0.00048
completed,1,0.00008
completely,10,0.00080
complex,33,0.00264
compliance,4,0.00032
complicated,3,0.00024
comply,6,0.00048
complying,3,0.00024
composed,6,0.00048
compressed,1,0.00008
computers,2,0.00016
conceded,2,0.00016
conceivable,1,0.00008
conceivably,1,0.00008
concentrate,1,0.00008
concept,2,0.00016
conception,5,0.00040
concepts,2,0.00016
concern,4,0.00032
concerned,16,0.00128
concerns,3,0.00024
concluded,1,0.00008
conclusion,17,0.00136
conclusions,2,0.00016
concourse,1,0.00008
concrete,3,0.00024
condemns,1,0.00008
condition,2,0.00016
conditions,4,0.00032
conduct,1,0.00008
confess,1,0.00008
confidence,3,0.00024
confident,2,0.00016
confine,1,0.00008
confined,6,0.00048
confining,1,0.00008
confirm,2,0.00016
confirmation,1,0.00008
confirmed,1,0.00008
confirms,1,0.00008
conflict,1,0.00008
conform,3,0.00024
conformity,1,0.00008
confused,1,0.00008
confusing,1,0.00008
confusion,8,0.00064
confusions,1,0.00008
confute,1,0.00008
conjecture,1,0.00008
connected,11,0.00088
connecting,1,0.00008
connects,1,0.00008
connexion,19,0.00152
connexions,3,0.00024
conscious,3,0.00024
consciously,2,0.00016
consciousness,5,0.00040
consent,1,0.00008
consequences,1,0.00008
considerable,3,0.00024
consideration,7,0.00056
considerations,2,0.00016
considered,13,0.00104
considers,2,0.00016
consist,4,0.00032
consisted,1,0.00008
consisting,3,0.00024
consists,21,0.00168
constant,5,0.00040
constantly,6,0.00048
constituency,4,0.00032
constituent,4,0.00032
constituents,9,0.00072
constitute,6,0.00048
constituted,6,0.00048
constitutes,5,0.00040
constituting,1,0.00008
constitution,2,0.00016
construct,1,0.00008
constructed,1,0.00008
constructing,1,0.00008
constructions,1,0.00008
constructive,1,0.00008
contact,5,0.00040
contained,2,0.00016
contemplated,1,0.00008
contemplates,3,0.00024
contemplating,1,0.00008
contemplation,13,0.00104
contemplative,1,0.00008
contemptuously,1,0.00008
contended,1,0.00008
content,2,0.00016
contention,1,0.00008
contentions,1,0.00008
contents,3,0.00024
context,2,0.00016
continual,2,0.00016
continue,6,0.00048
continued,1,0.00008
continues,6,0.00048
continuing,1,0.00008
continuous,1,0.00008
continuously,1,0.00008
contradict,1,0.00008
contradiction,19,0.00152
contradictions,5,0.00040
contradictory,1,0.00008
contrary,14,0.00112
contrast,1,0.00008
contributed,1,0.00008
contribution,1,0.00008
contributions,1,0.00008
control,2,0.00016
controversies,2,0.00016
controversy,2,0.00016
convenient,1,0.00008
converged,1,0.00008
conversation,1,0.00008
conversely,2,0.00016
convert,1,0.00008
convey,2,0.00016
convictions,3,0.00024
convinced,2,0.00016
convincing,1,0.00008
cool,1,0.00008
copied,2,0.00016
copies,7,0.00056
copying,4,0.00032
copyright,18,0.00144
corporation,1,0.00008
correct,4,0.00032
correctly,2,0.00016
correlative,1,0.00008
correspond,8,0.00064
corresponded,1,0.00008
correspondence,10,0.00080
corresponds,5,0.00040
corrupt,1,0.00008
cost,3,0.00024
costs,2,0.00016
counterparts,1,0.00008
countless,1,0.00008
countries,1,0.00008
country,4,0.00032
couple,2,0.00016
couples,7,0.00056
cranny,1,0.00008
create,3,0.00024
created,4,0.00032
creates,1,0.00008
creating,3,0.00024
creation,1,0.00008
credit,2,0.00016
criterion,1,0.00008
critical,5,0.00040
critically,2,0.00016
criticism,8,0.00064
criticisms,1,0.00008
criticized,1,0.00008
crude,4,0.00032
crudely,1,0.00008
current,1,0.00008
custom,1,0.00008
customary,1,0.00008
cut,1,0.00008
cutting,1,0.00008
daily,8,0.00064
damage,1,0.00008
damaged,1,0.00008
damages,2,0.00016
danger,1,0.00008
dark,3,0.00024
data,18,0.00144
dates,1,0.00008
datum,5,0.00040
day,5,0.00040
days,5,0.00040
dead,2,0.00016
deal,6,0.00048
dealing,7,0.00056
deals,3,0.00024
dealt,6,0.00048
death,2,0.00016
debate,1,0.00008
debated,1,0.00008
deceitful,1,0.00008
deceive,1,0.00008
deceptive,1,0.00008
decide,3,0.00024
decided,3,0.00024
decides,1,0.00008
deciding,1,0.00008
decision,1,0.00008
declared,1,0.00008
deduce,5,0.00040
deduced,18,0.00144
deducible,2,0.00016
deducing,1,0.00008
deductible,1,0.00008
deduction,5,0.00040
deductions,3,0.00024
deeds,1,0.00008
deeply,1,0.00008
defeated,1,0.00008
defect,3,0.00024
defective,3,0.00024
defensible,1,0.00008
define,2,0.00016
defined,1,0.00008
definite,17,0.00136
definiteness,1,0.00008
definition,16,0.00128
definitions,1,0.00008
degree,20,0.00160
degrees,7,0.00056
deletions,1,0.00008
deliberate,1,0.00008
delightful,1,0.00008
delusion,1,0.00008
demand,4,0.00032
demanding,1,0.00008
demands,3,0.00024
demon,3,0.00024
demonstrably,1,0.00008
demonstration,2,0.00016
demonstrations,2,0.00016
demonstrative,1,0.00008
demonstratively,1,0.00008
denial,3,0.00024
denied,5,0.00040
denies,1,0.00008
denotes,4,0.00032
dentist,1,0.00008
deny,12,0.00096
depend,13,0.00104
dependence,1,0.00008
dependent,9,0.00072
depending,1,0.00008
depends,12,0.00096
derivative,15,0.00120
derive,7,0.00056
derived,17,0.00136
descend,1,0.00008
describes,1,0.00008
describing,1,0.00008
description,42,0.00336
descriptions,8,0.00064
descriptive,1,0.00008
desert,1,0.00008
deserts,1,0.00008
deserves,1,0.00008
deserving,1,0.00008
designate,1,0.00008
desirability,1,0.00008
desirable,1,0.00008
desire,10,0.00080
desires,5,0.00040
desiring,1,0.00008
desirous,1,0.00008
destroy,2,0.00016
destroyed,1,0.00008
destroys,1,0.00008
destructive,1,0.00008
detach,1,0.00008
determine,3,0.00024
determined,3,0.00024
determines,1,0.00008
develop,2,0.00016
development,1,0.00008
developments,1,0.00008
diary,1,0.00008
dictionary,1,0.00008
die,1,0.00008
died,4,0.00032
difference,11,0.00088
differences,2,0.00016
differing,3,0.00024
differs,2,0.00016
difficult,23,0.00184
difficulties,7,0.00056
difficulty,14,0.00112
diminish,1,0.00008
diminished,1,0.00008
diminishes,1,0.00008
diminishing,2,0.00016
dined,1,0.00008
diplomatist,4,0.00032
direct,8,0.00064
direction,4,0.00032
directions,1,0.00008
directs,1,0.00008
disappear,1,0.00008
disappoint,1,0.00008
disappointing,1,0.00008
disclaim,1,0.00008
disclaimer,2,0.00016
disclaimers,1,0.00008
discontinue,1,0.00008
discover,5,0.00040
discoverable,3,0.00024
discovered,7,0.00056
discovering,5,0.00040
discovery,2,0.00016
discuss,1,0.00008
discussed,2,0.00016
discussing,4,0.00032
discussion,4,0.00032
discussions,2,0.00016
disease,1,0.00008
disengaged,1,0.00008
disentangle,2,0.00016
disk,1,0.00008
dismiss,1,0.00008
dismissed,2,0.00016
dispassionately,1,0.00008
display,1,0.00008
displayed,1,0.00008
displaying,4,0.00032
disproved,3,0.00024
disputable,1,0.00008
disputants,1,0.00008
dissociated,1,0.00008
distance,3,0.00024
distances,5,0.00040
distinct,3,0.00024
distinction,7,0.00056
distinctions,2,0.00016
distinctive,2,0.00016
distinctly,1,0.00008
distinguish,7,0.00056
distinguished,4,0.00032
distinguishes,1,0.00008
distinguishing,3,0.00024
distort,1,0.00008
distorts,1,0.00008
distribute,5,0.00040
distributed,4,0.00032
distributing,7,0.00056
distribution,8,0.00064
disturbance,3,0.00024
diverge,1,0.00008
divest,1,0.00008
divide,1,0.00008
divided,1,0.00008
divisibility,1,0.00008
divisible,2,0.00016
doctrine,4,0.00032
doctrines,2,0.00016
dogmas,1,0.00008
dogmatic,1,0.00008
dogmatically,2,0.00016
dogmatism,1,0.00008
domain,2,0.00016
domestic,1,0.00008
dominion,1,0.00008
donate,3,0.00024
donation,1,0.00008
donations,12,0.00096
donors,1,0.00008
door,2,0.00016
doubt,38,0.00304
doubted,5,0.00040
doubting,5,0.00040
doubtless,1,0.00008
doubts,2,0.00016
downloading,1,0.00008
draw,9,0.00072
drawing,2,0.00016
drawn,1,0.00008
dream,8,0.00064
dreams,12,0.00096
dried,1,0.00008
drifted,1,0.00008
drive,1,0.00008
driven,5,0.00040
drives,1,0.00008
dualism,2,0.00016
duly,1,0.00008
duration,2,0.00016
dwell,3,0.00024
dying,3,0.00024
eBook,9,0.00072
eBooks,7,0.00056
earlier,4,0.00032
earth,7,0.00056
earwig,3,0.00024
easier,2,0.00016
easiest,1,0.00008
easily,7,0.00056
easy,7,0.00056
eat,2,0.00016
ebook,2,0.00016
eclipse,1,0.00008
edition,1,0.00008
editions,4,0.00032
educated,1,0.00008
educational,1,0.00008
effected,1,0.00008
effects,2,0.00016
effort,4,0.00032
efforts,3,0.00024
elapse,1,0.00008
elapsed,1,0.00008
elect,1,0.00008
elected,1,0.00008
electric,1,0.00008
electronic,27,0.00216
electronically,2,0.00016
element,3,0.00024
elementary,1,0.00008
elements,1,0.00008
elicited,4,0.00032
elucidation,1,0.00008
email,1,0.00008
embark,1,0.00008
emerged,1,0.00008
emerges,1,0.00008
emitted,1,0.00008
emitting,1,0.00008
emotion,2,0.00016
emphasized,1,0.00008
emphatically,1,0.00008
empirical,14,0.00112
empiricists,7,0.00056
employ,2,0.00016
employed,4,0.00032
employee,1,0.00008
employees,1,0.00008
employs,1,0.00008
enable,5,0.00040
enables,6,0.00048
enabling,2,0.00016
endeavour,3,0.00024
endeavoured,2,0.00016
enemy,2,0.00016
engagement,1,0.00008
engendered,1,0.00008
enlarge,3,0.00024
enlarged,1,0.00008
enlargement,4,0.00032
enlarges,1,0.00008
enormously,1,0.00008
enrich,1,0.00008
ensures,2,0.00016
ensuring,1,0.00008
entails,1,0.00008
entangled,1,0.00008
enter,1,0.00008
entertain,3,0.00024
entertained,2,0.00016
entertaining,1,0.00008
entities,8,0.00064
entity,6,0.00048
enumerated,1,0.00008
enumeration,1,0.00008
enunciated,1,0.00008
equal,1,0.00008
equally,10,0.00080
equipment,3,0.00024
equivocation,1,0.00008
ergo,1,0.00008
erroneous,11,0.00088
error,15,0.00120
errors,2,0.00016
escape,4,0.00032
essence,7,0.00056
essential,7,0.00056
essentially,8,0.00064
establish,4,0.00032
established,2,0.00016
estimated,1,0.00008
eternal,1,0.00008
eternally,1,0.00008
ethical,4,0.00032
ethics,2,0.00016
event,3,0.00024
events,4,0.00032
everyday,1,0.00008
evidence,11,0.00088
evident,15,0.00120
evil,5,0.00040
exact,1,0.00008
examination,4,0.00032
examine,8,0.00064
examined,5,0.00040
examines,1,0.00008
examining,3,0.00024
examples,2,0.00016
exceedingly,1,0.00008
exceptional,2,0.00016
exceptions,9,0.00072
excluded,2,0.00016
excluding,1,0.00008
exclusion,1,0.00008
exclusive,2,0.00016
exclusively,6,0.00048
exemplified,3,0.00024
exemplify,1,0.00008
exempt,2,0.00016
exist,54,0.00431
existed,5,0.00040
existence,52,0.00415
existent,1,0.00008
existing,9,0.00072
exists,33,0.00264
expect,6,0.00048
expectation,2,0.00016
expectations,12,0.00096
expecting,4,0.00032
expend,1,0.00008
expense,1,0.00008
expenses,2,0.00016
experience,78,0.00623
experienced,10,0.00080
experiences,15,0.00120
explained,3,0.00024
explaining,3,0.00024
explanation,2,0.00016
explicitly,1,0.00008
explored,1,0.00008
exploring,1,0.00008
exponents,1,0.00008
exporting,1,0.00008
express,4,0.00032
expressed,2,0.00016
expressing,2,0.00016
expression,2,0.00016
expressions,1,0.00008
extend,1,0.00008
extends,1,0.00008
extension,3,0.00024
extensive,1,0.00008
extent,7,0.00056
external,2,0.00016
extrinsic,1,0.00008
eye,9,0.00072
eyes,6,0.00048
fabric,1,0.00008
facility,1,0.00008
faculty,1,0.00008
fail,2,0.00016
failed,2,0.00016
failing,1,0.00008
fails,3,0.00024
failure,4,0.00032
fainter,1,0.00008
faintness,1,0.00008
fall,3,0.00024
fallacies,1,0.00008
fallacious,6,0.00048
fallacy,1,0.00008
fallible,1,0.00008
falls,1,0.00008
false,27,0.00216
falsehood,27,0.00216
falsehoods,2,0.00016
falsely,4,0.00032
falsified,1,0.00008
familiar,6,0.00048
familiarity,2,0.00016
family,1,0.00008
fancy,1,0.00008
fast,1,0.00008
fatal,1,0.00008
favour,8,0.00064
favouritism,1,0.00008
fear,1,0.00008
fears,2,0.00016
features,1,0.00008
fed,1,0.00008
federal,2,0.00016
fee,8,0.00064
feeds,1,0.00008
feel,15,0.00120
feeling,5,0.00040
feelings,10,0.00080
feels,2,0.00016
fees,4,0.00032
fetters,1,0.00008
feverish,1,0.00008
figure,2,0.00016
file,1,0.00008
files,1,0.00008
finally,3,0.00024
financial,1,0.00008
finding,6,0.00048
fine,1,0.00008
finite,3,0.00024
firm,2,0.00016
firmly,4,0.00032
fit,3,0.00024
fixed,1,0.00008
flash,1,0.00008
fleeting,2,0.00016
foes,1,0.00008
follow,7,0.00056
food,8,0.00064
foolish,1,0.00008
football,1,0.00008
force,1,0.00008
forced,4,0.00032
forces,1,0.00008
forget,1,0.00008
forgetting,1,0.00008
forgo,1,0.00008
forgotten,1,0.00008
forks,1,0.00008
form,35,0.00280
formal,1,0.00008
formally,1,0.00008
format,4,0.00032
formats,1,0.00008
formed,3,0.00024
forms,5,0.00040
fortress,1,0.00008
fortuitous,1,0.00008
fortune,1,0.00008
forwards,1,0.00008
fostered,1,0.00008
foundation,2,0.00016
founder,2,0.00016
fourth,1,0.00008
fragment,1,0.00008
fragmentary,3,0.00024
fragments,1,0.00008
framework,1,0.00008
freedom,4,0.00032
freely,5,0.00040
frequent,2,0.00016
fresh,8,0.00064
friend,2,0.00016
friends,2,0.00016
frightened,1,0.00008
fulfil,2,0.00016
fulfilled,5,0.00040
fulfilment,1,0.00008
fulfils,1,0.00008
function,2,0.00016
fundamental,7,0.00056
future,25,0.00200
futures,6,0.00048
gain,1,0.00008
garrison,1,0.00008
generality,1,0.00008
generalization,5,0.00040
generalizations,6,0.00048
generations,2,0.00016
genuine,2,0.00016
geography,1,0.00008
geology,1,0.00008
geometry,5,0.00040
ghost,2,0.00016
glance,1,0.00008
glasses,1,0.00008
globe,1,0.00008
goals,1,0.00008
goodwill,1,0.00008
govern,2,0.00016
gradation,5,0.00040
gradations,1,0.00008
gradually,4,0.00032
grain,1,0.00008
granted,5,0.00040
grapple,1,0.00008
grasp,1,0.00008
gratefully,1,0.00008
gratuitous,1,0.00008
gravely,1,0.00008
gravitation,6,0.00048
greatly,2,0.00016
greatness,5,0.00040
green,5,0.00040
greens,1,0.00008
gross,2,0.00016
ground,10,0.00080
groundless,1,0.00008
grounds,11,0.00088
grow,1,0.00008
growing,1,0.00008
grown,2,0.00016
growth,2,0.00016
guarantee,6,0.00048
guard,2,0.00016
guarded,1,0.00008
guide,1,0.00008
habit,6,0.00048
habits,1,0.00008
habitual,1,0.00008
habitually,1,0.00008
hallucinations,2,0.00016
halved,2,0.00016
halves,1,0.00008
hand,7,0.00056
handbooks,1,0.00008
happen,8,0.00064
happened,6,0.00048
happiness,1,0.00008
hard,9,0.00072
hardness,6,0.00048
hardnesses,1,0.00008
harm,1,0.00008
harmless,1,0.00008
harmonious,3,0.00024
harmonize,2,0.00016
harmony,1,0.00008
hates,1,0.00008
hatred,1,0.00008
hatreds,1,0.00008
head,4,0.00032
hear,10,0.00080
heard,4,0.00032
hearing,4,0.00032
hears,2,0.00016
heartbeats,1,0.00008
heat,2,0.00016
heaven,1,0.00008
heavens,1,0.00008
held,17,0.00136
helpful,1,0.00008
heretofore,1,0.00008
hesitatingly,1,0.00008
hides,1,0.00008
hierarchy,2,0.00016
highly,4,0.00032
hills,1,0.00008
hinder,1,0.00008
historian,1,0.00008
historic,1,0.00008
historical,2,0.00016
historically,1,0.00008
history,3,0.00024
hitherto,8,0.00064
hold,11,0.00088
holder,4,0.00032
holds,5,0.00040
honour,1,0.00008
hoofs,1,0.00008
hooks,2,0.00016
hope,10,0.00080
hoped,1,0.00008
hopeless,1,0.00008
hopes,3,0.00024
horrors,1,0.00008
horse,2,0.00016
host,1,0.00008
hostile,2,0.00016
hot,1,0.00008
hour,2,0.00016
house,3,0.00024
houses,2,0.00016
human,14,0.00112
hundreds,1,0.00008
hunger,3,0.00024
hungry,2,0.00016
hypertext,1,0.00008
hypotheses,7,0.00056
hypothesis,5,0.00040
hypothetical,3,0.00024
idea,17,0.00136
idealism,4,0.00032
idealists,2,0.00016
ideas,32,0.00256
identical,5,0.00040
identification,1,0.00008
identify,2,0.00016
ignorance,1,0.00008
ignorant,1,0.00008
illumination,1,0.00008
illusoriness,1,0.00008
illusory,1,0.00008
illustrated,1,0.00008
illustrates,2,0.00016
illustration,6,0.00048
illustrations,1,0.00008
image,8,0.00064
imagination,7,0.00056
imagine,6,0.00048
imagined,2,0.00016
imagining,2,0.00016
immutable,1,0.00008
impaired,1,0.00008
impairs,1,0.00008
impartial,1,0.00008
impartiality,3,0.00024
impartially,1,0.00008
impenetrable,1,0.00008
imperceptible,2,0.00016
impersonal,1,0.00008
implied,5,0.00040
implies,2,0.00016
imply,2,0.00016
impose,1,0.00008
imposed,2,0.00016
impossibility,5,0.00040
impossible,15,0.00120
impression,1,0.00008
imprisoned,1,0.00008
improbable,3,0.00024
inaccurate,1,0.00008
inadequate,2,0.00016
incapable,8,0.00064
inclination,1,0.00008
inclined,2,0.00016
include,3,0.00024
included,10,0.00080
includes,1,0.00008
including,8,0.00064
incoherent,2,0.00016
incompatible,1,0.00008
incomplete,9,0.00072
incompleteness,3,0.00024
inconceivable,2,0.00016
inconsistencies,1,0.00008
inconsistency,1,0.00008
inconsistent,2,0.00016
increase,1,0.00008
increased,3,0.00024
increases,2,0.00016
increasing,1,0.00008
incredulous,1,0.00008
indefinite,2,0.00016
indefinitely,1,0.00008
indemnify,1,0.00008
independence,1,0.00008
independent,19,0.00152
independently,10,0.00080
indestructible,1,0.00008
indicating,1,0.00008
indifferent,2,0.00016
indirectly,2,0.00016
individual,6,0.00048
individually,2,0.00016
indubitable,5,0.00040
induction,14,0.00112
inductive,19,0.00152
inevitable,1,0.00008
inexplicable,1,0.00008
infallibility,1,0.00008
infallible,3,0.00024
infancy,1,0.00008
infected,1,0.00008
infer,5,0.00040
inference,15,0.00120
inferences,5,0.00040
inferred,10,0.00080
inferring,1,0.00008
infinite,9,0.00072
infinitely,3,0.00024
infinitesimal,1,0.00008
infinity,2,0.00016
inflected,1,0.00008
inflections,1,0.00008
influence,1,0.00008
infringed,1,0.00008
infringement,1,0.00008
inhabitants,1,0.00008
inhabited,1,0.00008
inherent,1,0.00008
innate,1,0.00008
innocent,1,0.00008
innumerable,4,0.00032
inoperative,1,0.00008
inquire,1,0.00008
inquired,1,0.00008
inquiry,4,0.00032
insistence,2,0.00016
insistent,1,0.00008
insoluble,1,0.00008
inspiration,1,0.00008
instance,34,0.00272
instances,21,0.00168
instants,1,0.00008
instinctive,11,0.00088
instinctively,3,0.00024
instincts,1,0.00008
instrument,1,0.00008
insubstantial,1,0.00008
integers,6,0.00048
intellect,5,0.00040
intellectual,3,0.00024
intelligent,1,0.00008
intended,1,0.00008
intently,1,0.00008
interact,1,0.00008
interaction,2,0.00016
interfere,2,0.00016
interferes,1,0.00008
intermediary,1,0.00008
intermediate,2,0.00016
internal,1,0.00008
interpret,1,0.00008
interpretation,2,0.00016
interpreted,1,0.00008
interrelation,1,0.00008
interrupted,1,0.00008
intervening,2,0.00016
intrinsic,9,0.00072
intrinsically,4,0.00032
introduce,1,0.00008
introspection,2,0.00016
intuitive,20,0.00160
intuitively,1,0.00008
invalidity,1,0.00008
invent,2,0.00016
invented,1,0.00008
inventing,1,0.00008
inventions,1,0.00008
investigation,2,0.00016
investigations,1,0.00008
invites,1,0.00008
involve,15,0.00120
involved,19,0.00152
involves,8,0.00064
involving,6,0.00048
iron,5,0.00040
irrefutable,1,0.00008
irrelevant,5,0.00040
isolated,2,0.00016
isolation,1,0.00008
issue,2,0.00016
joint,1,0.00008
judge,12,0.00096
judged,2,0.00016
judgement,40,0.00320
judgements,21,0.00168
judges,5,0.00040
judging,9,0.00072
justice,4,0.00032
justification,3,0.00024
justified,4,0.00032
justify,3,0.00024
justly,1,0.00008
keeping,2,0.00016
killed,1,0.00008
kinds,11,0.00088
knits,1,0.00008
knitting,2,0.00016
knives,1,0.00008
knowable,1,0.00008
knowing,13,0.00104
knowledge,291,0.02325
knuckles,2,0.00016
labours,2,0.00016
laid,2,0.00016
language,2,0.00016
lapse,1,0.00008
larger,1,0.00008
late,6,0.00048
launched,1,0.00008
law,53,0.00423
laws,30,0.00240
lay,1,0.00008
lead,3,0.00024
leads,2,0.00016
learn,7,0.00056
learning,3,0.00024
learnt,1,0.00008
leaves,4,0.00032
leaving,1,0.00008
led,14,0.00112
left,9,0.00072
legal,2,0.00016
legally,1,0.00008
legitimately,1,0.00008
letters,3,0.00024
level,1,0.00008
liability,2,0.00016
liable,4,0.00032
liberating,1,0.00008
liberation,1,0.00008
liberator,1,0.00008
liberty,1,0.00008
library,1,0.00008
license,5,0.00040
licensed,1,0.00008
lies,1,0.00008
lieu,2,0.00016
life,31,0.00248
light,19,0.00152
lightning,5,0.00040
likelihood,2,0.00016
limit,3,0.00024
limitation,4,0.00032
limitations,1,0.00008
limited,6,0.00048
limiting,1,0.00008
limits,4,0.00032
linked,1,0.00008
links,3,0.00024
lips,1,0.00008
listen,2,0.00016
live,1,0.00008
lived,1,0.00008
lives,2,0.00016
living,4,0.00032
located,7,0.00056
locations,1,0.00008
logic,30,0.00240
logical,22,0.00176
logically,11,0.00088
logician,1,0.00008
looked,1,0.00008
loose,1,0.00008
loosen,1,0.00008
lot,1,0.00008
loud,1,0.00008
love,11,0.00088
loves,18,0.00144
loving,5,0.00040
lowest,1,0.00008
luck,2,0.00016
luminously,1,0.00008
lying,1,0.00008
magnifies,1,0.00008
main,7,0.00056
maintain,1,0.00008
maintained,7,0.00056
maintaining,1,0.00008
majority,1,0.00008
manager,1,0.00008
mankind,2,0.00016
manner,5,0.00040
map,2,0.00016
marching,1,0.00008
mark,2,0.00016
marked,2,0.00016
marriage,1,0.00008
mask,5,0.00040
mass,2,0.00016
match,1,0.00008
material,5,0.00040
mathematical,4,0.00032
mathematician,3,0.00024
mathematicians,3,0.00024
mathematics,7,0.00056
matter,42,0.00336
matters,6,0.00048
maximum,1,0.00008
meal,2,0.00016
meaning,11,0.00088
meanings,1,0.00008
meant,9,0.00072
measure,3,0.00024
medium,8,0.00064
meet,3,0.00024
melt,1,0.00008
memories,1,0.00008
memory,23,0.00184
mental,33,0.00264
mention,1,0.00008
mercilessly,1,0.00008
mere,18,0.00144
merest,1,0.00008
merges,1,0.00008
merit,2,0.00016
merits,1,0.00008
met,3,0.00024
metaphorically,1,0.00008
metaphysical,4,0.00032
metaphysician,2,0.00016
metaphysicians,2,0.00016
metaphysics,4,0.00032
method,7,0.00056
methods,2,0.00016
microscope,4,0.00032
midst,1,0.00008
miles,1,0.00008
mind,85,0.00679
minds,50,0.00399
mineralogist,1,0.00008
minor,1,0.00008
minute,2,0.00016
minutes,4,0.00032
miracle,1,0.00008
misery,1,0.00008
misleading,6,0.00048
misleadingness,1,0.00008
mission,3,0.00024
mistake,1,0.00008
mistaken,4,0.00032
mistakes,1,0.00008
misunderstanding,1,0.00008
mitigate,1,0.00008
mode,1,0.00008
modern,6,0.00048
modest,2,0.00016
modification,1,0.00008
modifications,1,0.00008
modified,2,0.00016
modify,1,0.00008
moment,14,0.00112
momentary,1,0.00008
moments,2,0.00016
money,3,0.00024
month,1,0.00008
moon,2,0.00016
morning,2,0.00016
mortal,19,0.00152
mortality,1,0.00008
mortals,2,0.00016
motion,12,0.00096
motions,2,0.00016
moved,1,0.00008
movements,1,0.00008
multiplication,1,0.00008
multiplicity,1,0.00008
multiplied,3,0.00024
musical,1,0.00008
mutually,1,0.00008
mysterious,3,0.00024
mystic,1,0.00008
mystical,1,0.00008
mysticism,1,0.00008
naked,3,0.00024
named,4,0.00032
names,3,0.00024
narrow,6,0.00048
nation,1,0.00008
native,1,0.00008
natural,14,0.00112
naturally,9,0.00072
nature,46,0.00368
naval,2,0.00016
nearer,5,0.00040
nearest,1,0.00008
nearness,1,0.00008
necessity,7,0.00056
neck,3,0.00024
negative,2,0.00016
neglect,2,0.00016
negligible,1,0.00008
nerves,2,0.00016
network,1,0.00008
neutral,4,0.00032
newness,1,0.00008
news,1,0.00008
newsletter,1,0.00008
newspaper,3,0.00024
newspapers,1,0.00008
night,2,0.00016
noise,4,0.00032
noises,1,0.00008
nominative,1,0.00008
nonproprietary,1,0.00008
nook,1,0.00008
normal,4,0.00032
north,5,0.00040
notably,2,0.00016
noteworthy,1,0.00008
notice,4,0.00032
noticed,2,0.00016
noticing,1,0.00008
notifies,1,0.00008
notion,3,0.00024
notions,1,0.00008
notoriously,2,0.00016
nouns,1,0.00008
nourishing,2,0.00016
novelist,1,0.00008
nowadays,1,0.00008
nowhen,1,0.00008
numerous,1,0.00008
object,103,0.00823
objection,4,0.00032
objectionable,1,0.00008
objections,5,0.00040
objective,1,0.00008
objects,95,0.00759
oblivious,1,0.00008
oblong,2,0.00016
obscure,1,0.00008
observation,3,0.00024
observe,1,0.00008
observed,6,0.00048
observing,1,0.00008
obsolete,1,0.00008
obstacle,1,0.00008
obstacles,1,0.00008
obstinate,1,0.00008
obtaining,3,0.00024
obtuse,1,0.00008
obvious,10,0.00080
obviousness,2,0.00016
occasion,2,0.00016
occupant,1,0.00008
occupied,3,0.00024
occupies,2,0.00016
occupy,5,0.00040
occupying,1,0.00008
occur,7,0.00056
occurred,2,0.00016
occurrence,4,0.00032
occurring,2,0.00016
occurs,4,0.00032
odd,1,0.00008
offers,3,0.00024
office,1,0.00008
official,3,0.00024
oftener,1,0.00008
omission,1,0.00008
oneself,1,0.00008
online,4,0.00032
opaque,1,0.00008
operated,1,0.00008
operation,4,0.00032
operative,1,0.00008
opinion,13,0.00104
opinions,3,0.00024
opportunities,1,0.00008
opportunity,1,0.00008
opposed,14,0.00112
opposing,2,0.00016
opposites,1,0.00008
opposition,2,0.00016
orator,1,0.00008
orderly,1,0.00008
ordinary,7,0.00056
ordnance,1,0.00008
organism,2,0.00016
organization,2,0.00016
organized,1,0.00008
organizing,1,0.00008
organs,1,0.00008
origin,1,0.00008
original,2,0.00016
originally,1,0.00008
originator,1,0.00008
outcome,1,0.00008
outdated,1,0.00008
outer,8,0.00064
outline,2,0.00016
outlines,1,0.00008
outward,1,0.00008
oval,1,0.00008
overlooked,2,0.00016
owed,1,0.00008
owner,3,0.00024
owns,2,0.00016
paid,6,0.00048
pain,2,0.00016
painfully,1,0.00008
painter,3,0.00024
pair,3,0.00024
pairs,4,0.00032
pale,2,0.00016
palpable,1,0.00008
paper,2,0.00016
papers,1,0.00008
paperwork,1,0.00008
paradoxes,1,0.00008
paradoxical,1,0.00008
paragraph,10,0.00080
paragraphs,3,0.00024
parallel,2,0.00016
partake,2,0.00016
partial,3,0.00024
partially,1,0.00008
participate,2,0.00016
participation,2,0.00016
particularity,2,0.00016
particulars,26,0.00208
partly,6,0.00048
party,1,0.00008
pass,10,0.00080
passage,1,0.00008
passes,1,0.00008
passing,2,0.00016
patch,10,0.00080
patches,3,0.00024
pausing,1,0.00008
pay,1,0.00008
paying,3,0.00024
payments,3,0.00024
peace,1,0.00008
peculiar,1,0.00008
peculiarly,1,0.00008
people,44,0.00352
perceive,10,0.00080
perceived,8,0.00064
perceiving,3,0.00024
perception,12,0.00096
perceptions,6,0.00048
percipient,2,0.00016
perfect,3,0.00024
perfection,1,0.00008
perfectly,6,0.00048
perform,3,0.00024
performances,1,0.00008
performed,6,0.00048
performing,3,0.00024
periodic,1,0.00008
permanence,1,0.00008
permanent,7,0.00056
permission,6,0.00048
permitted,2,0.00016
perpendiculars,3,0.00024
perpetual,1,0.00008
persists,3,0.00024
person,33,0.00264
personal,4,0.00032
persons,1,0.00008
perspective,1,0.00008
persuade,2,0.00016
persuaded,1,0.00008
persuading,1,0.00008
perturbed,1,0.00008
phantasmagoria,1,0.00008
phenomena,9,0.00072
phenomenon,1,0.00008
philosopher,10,0.00080
philosophers,37,0.00296
philosophic,6,0.00048
philosophical,10,0.00080
philosophies,2,0.00016
philosophize,1,0.00008
philosophy,72,0.00575
phrase,9,0.00072
physical,96,0.00767
physics,1,0.00008
physiological,1,0.00008
physiology,1,0.00008
piece,10,0.00080
piecemeal,2,0.00016
pink,1,0.00008
placing,1,0.00008
plain,15,0.00120
plainly,4,0.00032
plan,2,0.00016
plane,1,0.00008
planet,1,0.00008
plausibility,1,0.00008
playing,1,0.00008
pleasure,2,0.00016
poet,2,0.00016
poison,2,0.00016
poisonous,1,0.00008
position,8,0.00064
positions,4,0.00032
positive,4,0.00032
positively,1,0.00008
possess,1,0.00008
possessed,1,0.00008
possession,1,0.00008
possibilities,7,0.00056
possibility,8,0.00064
posted,4,0.00032
poverty,1,0.00008
power,10,0.00080
powerful,2,0.00016
powerlessness,1,0.00008
powers,1,0.00008
practical,5,0.00040
practically,3,0.00024
practice,1,0.00008
practised,1,0.00008
preceded,2,0.00016
preceding,9,0.00072
precise,7,0.00056
precisely,1,0.00008
predicate,3,0.00024
prefer,4,0.00032
preferable,1,0.00008
prejudices,7,0.00056
preliminary,3,0.00024
premiss,6,0.00048
premisses,15,0.00120
prepare,2,0.00016
preparing,1,0.00008
prepositions,6,0.00048
preposterous,2,0.00016
prescribe,1,0.00008
presence,1,0.00008
preservation,1,0.00008
preserve,3,0.00024
press,3,0.00024
pressing,1,0.00008
pressure,1,0.00008
pressures,1,0.00008
presume,2,0.00016
presumption,1,0.00008
presupposed,1,0.00008
presupposes,3,0.00024
pretty,1,0.00008
prevent,1,0.00008
prevents,2,0.00016
previous,11,0.00088
primitive,1,0.00008
principle,54,0.00431
principles,48,0.00383
print,4,0.00032
printed,3,0.00024
prison,2,0.00016
privacy,2,0.00016
private,21,0.00168
probability,18,0.00144
probable,18,0.00144
proceed,7,0.00056
proceeded,1,0.00008
proceeds,1,0.00008
process,9,0.00072
processes,1,0.00008
processing,1,0.00008
produce,4,0.00032
produced,3,0.00024
produces,3,0.00024
producing,1,0.00008
product,6,0.00048
production,1,0.00008
products,1,0.00008
profess,1,0.00008
profit,1,0.00008
profitable,1,0.00008
profited,1,0.00008
profits,1,0.00008
profoundest,1,0.00008
progress,1,0.00008
progressively,1,0.00008
prohibition,1,0.00008
prolonged,1,0.00008
prominently,4,0.00032
promote,1,0.00008
promoting,2,0.00016
promotion,1,0.00008
pronounce,1,0.00008
pronouns,1,0.00008
proof,10,0.00080
proofread,1,0.00008
proofs,2,0.00016
proper,5,0.00040
properly,2,0.00016
properties,16,0.00128
property,19,0.00152
proportion,2,0.00016
proposed,1,0.00008
proposition,61,0.00487
propositions,30,0.00240
proprietary,1,0.00008
protect,2,0.00016
protected,5,0.00040
prove,26,0.00208
proved,18,0.00144
provide,8,0.00064
providing,5,0.00040
proving,2,0.00016
provision,1,0.00008
provisionally,1,0.00008
provisions,1,0.00008
prudent,1,0.00008
psychological,4,0.00032
psychologically,1,0.00008
psychology,1,0.00008
public,9,0.00072
pure,11,0.00088
purely,6,0.00048
purpose,4,0.00032
purposes,2,0.00016
pursue,1,0.00008
pursuit,2,0.00016
pushed,1,0.00008
puzzling,1,0.00008
qualities,6,0.00048
quality,11,0.00088
question,59,0.00471
questions,27,0.00216
quibbling,1,0.00008
race,2,0.00016
radically,6,0.00048
raised,5,0.00040
raises,6,0.00048
range,1,0.00008
ranging,1,0.00008
rap,2,0.00016
rapping,1,0.00008
rash,2,0.00016
rate,10,0.00080
rational,2,0.00016
rationalist,1,0.00008
rationalists,7,0.00056
rationality,1,0.00008
ray,2,0.00016
reach,7,0.00056
reached,2,0.00016
reaches,3,0.00024
reaching,2,0.00016
read,5,0.00040
readable,1,0.00008
reader,2,0.00016
readers,1,0.00008
reading,4,0.00032
ready,2,0.00016
real,45,0.00360
reality,11,0.00088
realization,1,0.00008
realize,5,0.00040
realized,1,0.00008
realizes,2,0.00016
realizing,2,0.00016
reappear,1,0.00008
reason,53,0.00423
reasonable,7,0.00056
reasoning,10,0.00080
reasons,19,0.00152
recall,2,0.00016
receipt,2,0.00016
receive,2,0.00016
received,6,0.00048
receiving,1,0.00008
recognized,2,0.00016
recognizes,1,0.00008
recombines,1,0.00008
recommended,2,0.00016
reconcile,1,0.00008
reconstructed,1,0.00008
recorded,1,0.00008
rectangular,3,0.00024
red,18,0.00144
redistribute,1,0.00008
redistributing,1,0.00008
redistribution,1,0.00008
reduce,1,0.00008
reduced,2,0.00016
reducible,1,0.00008
reference,6,0.00048
references,2,0.00016
refined,1,0.00008
reflect,5,0.00040
reflected,3,0.00024
reflecting,1,0.00008
reflection,9,0.00072
refund,8,0.00064
refutable,1,0.00008
refutation,2,0.00016
refuted,2,0.00016
regard,25,0.00200
regarded,12,0.00096
regiment,2,0.00016
region,2,0.00016
registered,2,0.00016
regress,1,0.00008
regulating,1,0.00008
reign,3,0.00024
reject,6,0.00048
rejected,4,0.00032
rejecting,4,0.00032
rejection,1,0.00008
relate,1,0.00008
relates,6,0.00048
relation,93,0.00743
relational,1,0.00008
relations,42,0.00336
relative,4,0.00032
relevant,2,0.00016
reliable,1,0.00008
religion,1,0.00008
religious,2,0.00016
remain,12,0.00096
remaining,3,0.00024
remains,9,0.00072
remarkably,1,0.00008
remarks,1,0.00008
remember,3,0.00024
remembered,9,0.00072
remembering,2,0.00016
remote,1,0.00008
remoter,1,0.00008
removal,1,0.00008
remove,2,0.00016
removed,4,0.00032
removes,1,0.00008
renamed,1,0.00008
render,2,0.00016
rendered,3,0.00024
renders,2,0.00016
renounce,1,0.00008
repeat,1,0.00008
repeated,2,0.00016
repeatedly,1,0.00008
repetition,1,0.00008
repetitions,2,0.00016
replace,3,0.00024
replaced,1,0.00008
replacement,3,0.00024
reported,1,0.00008
reports,1,0.00008
represent,1,0.00008
representations,1,0.00008
representative,1,0.00008
represented,6,0.00048
representing,1,0.00008
represents,2,0.00016
request,1,0.00008
require,6,0.00048
required,11,0.00088
requirements,4,0.00032
requires,5,0.00040
requiring,2,0.00016
requisites,3,0.00024
resemblance,10,0.00080
resemblances,1,0.00008
resemble,6,0.00048
residue,1,0.00008
resists,2,0.00016
respect,4,0.00032
rest,6,0.00048
restate,1,0.00008
resting,1,0.00008
restricted,1,0.00008
restrictions,2,0.00016
rests,4,0.00032
result,19,0.00152
retain,1,0.00008
retained,1,0.00008
retains,2,0.00016
retort,1,0.00008
return,8,0.00064
returns,1,0.00008
reveal,4,0.00032
revealed,1,0.00008
reversed,1,0.00008
revert,1,0.00008
review,1,0.00008
rightly,3,0.00024
rigid,1,0.00008
rise,10,0.00080
risen,2,0.00016
rises,2,0.00016
risk,3,0.00024
rival,1,0.00008
road,5,0.00040
rob,1,0.00008
robbing,1,0.00008
roof,1,0.00008
rooted,1,0.00008
rose,4,0.00032
rotate,1,0.00008
rotating,1,0.00008
rotation,2,0.00016
roughly,2,0.00016
roughnesses,2,0.00016
roundabout,1,0.00008
rounded,1,0.00008
rouse,1,0.00008
roused,1,0.00008
royalties,3,0.00024
royalty,1,0.00008
rudimentary,2,0.00016
ruins,2,0.00016
rule,4,0.00032
rules,3,0.00024
runs,1,0.00008
sake,4,0.00032
samples,1,0.00008
satisfaction,1,0.00008
satisfactory,2,0.00016
satisfy,2,0.00016
satisfying,1,0.00008
save,1,0.00008
scaffold,1,0.00008
scarcely,6,0.00048
sceptic,1,0.00008
sceptical,1,0.00008
scepticism,4,0.00032
schoolmen,1,0.00008
schools,2,0.00016
science,29,0.00232
sciences,5,0.00040
scientific,8,0.00064
scope,8,0.00064
scrutiny,3,0.00024
sea,1,0.00008
search,4,0.00032
searches,1,0.00008
secure,3,0.00024
secures,1,0.00008
seek,6,0.00048
seeks,2,0.00016
seldom,1,0.00008
sending,1,0.00008
sensation,18,0.00144
sensations,20,0.00160
sense,87,0.00695
senses,22,0.00176
sentence,8,0.00064
separate,6,0.00048
separated,1,0.00008
sequel,1,0.00008
series,2,0.00016
serve,1,0.00008
service,1,0.00008
set,14,0.00112
sets,1,0.00008
setting,2,0.00016
seventeenth,1,0.00008
severally,2,0.00016
severe,1,0.00008
shade,5,0.00040
shades,5,0.00040
shadow,1,0.00008
shape,24,0.00192
shapes,5,0.00040
share,5,0.00040
shared,2,0.00016
shares,2,0.00016
sharing,1,0.00008
sharp,1,0.00008
sheets,1,0.00008
shining,2,0.00016
shiny,1,0.00008
shock,1,0.00008
short,1,0.00008
shortly,1,0.00008
shut,5,0.00040
sight,16,0.00128
sign,4,0.00032
signs,7,0.00056
similarity,2,0.00016
simple,6,0.00048
simpler,3,0.00024
simplicity,2,0.00016
simplify,1,0.00008
simply,6,0.00048
simultaneous,2,0.00016
simultaneously,5,0.00040
single,17,0.00136
singled,2,0.00016
singular,2,0.00016
sitting,4,0.00032
situated,1,0.00008
skeleton,1,0.00008
sleeping,1,0.00008
slight,4,0.00032
slightest,4,0.00032
slowly,1,0.00008
smell,2,0.00016
smelling,1,0.00008
smells,1,0.00008
smooth,2,0.00016
smoothness,3,0.00024
sober,1,0.00008
society,1,0.00008
sold,1,0.00008
sole,3,0.00024
solicit,2,0.00016
solicitation,1,0.00008
solid,1,0.00008
solution,3,0.00024
solve,1,0.00008
solves,1,0.00008
solving,1,0.00008
sooner,5,0.00040
sophistry,1,0.00008
sort,42,0.00336
sorts,5,0.00040
sought,4,0.00032
soul,1,0.00008
souls,2,0.00016
sound,8,0.00064
sounds,7,0.00056
sour,1,0.00008
source,8,0.00064
sources,3,0.00024
south,1,0.00008
space,72,0.00575
spaces,11,0.00088
spatial,3,0.00024
speak,9,0.00072
speaking,8,0.00064
special,6,0.00048
specially,1,0.00008
species,1,0.00008
spectacles,1,0.00008
spectator,3,0.00024
speculation,3,0.00024
speculative,1,0.00008
speech,1,0.00008
sphere,2,0.00016
spiritual,3,0.00024
spite,11,0.00088
spoke,1,0.00008
spoken,4,0.00032
spoons,1,0.00008
sprang,1,0.00008
staff,1,0.00008
stage,4,0.00032
stages,1,0.00008
stand,7,0.00056
standing,2,0.00016
stands,6,0.00048
start,7,0.00056
started,1,0.00008
starting,1,0.00008
starts,1,0.00008
stated,6,0.00048
statement,14,0.00112
statements,6,0.00048
stating,2,0.00016
status,4,0.00032
step,1,0.00008
stock,2,0.00016
stone,1,0.00008
stored,1,0.00008
straight,7,0.00056
straightforward,1,0.00008
strange,5,0.00040
strangeness,1,0.00008
stranger,1,0.00008
strangest,1,0.00008
strenuously,2,0.00016
strict,3,0.00024
strictly,7,0.00056
strife,2,0.00016
strike,1,0.00008
strikes,1,0.00008
striking,1,0.00008
strives,1,0.00008
striving,1,0.00008
strong,4,0.00032
stronger,2,0.00016
struck,1,0.00008
structure,1,0.00008
struggling,1,0.00008
student,2,0.00016
students,4,0.00032
studied,2,0.00016
studies,1,0.00008
study,12,0.00096
subject,25,0.00200
subjected,2,0.00016
subjective,3,0.00024
subjects,3,0.00024
sublime,1,0.00008
subscribe,1,0.00008
subsequent,1,0.00008
subsequently,1,0.00008
subsist,4,0.00032
subsists,2,0.00016
substance,2,0.00016
substantives,5,0.00040
subsumed,1,0.00008
subsumptions,1,0.00008
succeed,3,0.00024
success,1,0.00008
successful,3,0.00024
succession,2,0.00016
successively,1,0.00008
suddenly,2,0.00016
suffering,1,0.00008
suffice,4,0.00032
sufficed,1,0.00008
suffices,2,0.00016
sufficient,5,0.00040
suggested,4,0.00032
suggestion,1,0.00008
suggestions,1,0.00008
suggests,2,0.00016
suitable,2,0.00016
sum,2,0.00016
sun,32,0.00256
sunrise,3,0.00024
sunset,1,0.00008
supplied,1,0.00008
supplies,2,0.00016
supply,3,0.00024
support,8,0.00064
suppose,26,0.00208
supposed,22,0.00176
supposing,9,0.00072
supposition,4,0.00032
surface,2,0.00016
surprised,1,0.00008
surprising,3,0.00024
surrender,1,0.00008
surrounded,1,0.00008
survey,4,0.00032
surveys,1,0.00008
survive,1,0.00008
surviving,1,0.00008
suspect,2,0.00016
suspended,1,0.00008
swamp,1,0.00008
swans,4,0.00032
sweet,1,0.00008
synonymous,1,0.00008
synthesis,2,0.00016
synthetic,2,0.00016
systematic,2,0.00016
systematize,1,0.00008
systems,2,0.00016
table,91,0.00727
tablecloth,1,0.00008
tables,2,0.00016
tactile,1,0.00008
takes,2,0.00016
tap,1,0.00008
task,1,0.00008
taste,4,0.00032
tasting,1,0.00008
taught,1,0.00008
tautology,2,0.00016
tax,6,0.00048
taxes,1,0.00008
teaching,2,0.00016
telegram,1,0.00008
tells,8,0.00064
temper,1,0.00008
temperaments,1,0.00008
tempted,1,0.00008
tend,2,0.00016
tendency,2,0.00016
tending,1,0.00008
tenet,1,0.00008
term,1,0.00008
terms,53,0.00423
testimony,5,0.00040
texts,1,0.00008
texture,1,0.00008
theoretically,6,0.00048
theories,3,0.00024
theory,21,0.00168
theses,1,0.00008
thesis,1,0.00008
thinking,11,0.00088
thraldom,1,0.00008
throw,1,0.00008
throws,1,0.00008
thunder,3,0.00024
thwarting,1,0.00008
time,60,0.00479
timeless,1,0.00008
times,10,0.00080
tincture,1,0.00008
told,3,0.00024
tolerably,1,0.00008
tongue,1,0.00008
toothache,1,0.00008
topics,1,0.00008
total,1,0.00008
touch,15,0.00120
touched,2,0.00016
touches,1,0.00008
touching,3,0.00024
trademark,12,0.00096
tradition,2,0.00016
traditional,1,0.00008
trains,1,0.00008
trammels,1,0.00008
transcribe,1,0.00008
transcription,1,0.00008
transfer,1,0.00008
transform,1,0.00008
transitory,1,0.00008
travel,3,0.00024
travelled,2,0.00016
travels,1,0.00008
treated,1,0.00008
treating,1,0.00008
treatment,1,0.00008
tree,22,0.00176
triangle,7,0.00056
triangles,5,0.00040
triangularity,1,0.00008
trifling,1,0.00008
trivial,4,0.00032
trotting,1,0.00008
trouble,1,0.00008
troubled,1,0.00008
troubles,1,0.00008
true,129,0.01031
truism,4,0.00032
trust,2,0.00016
trusted,1,0.00008
trustworthiness,5,0.00040
trustworthy,2,0.00016
truth,87,0.00695
truths,47,0.00375
tuning,1,0.00008
twos,2,0.00016
type,1,0.00008
types,1,0.00008
typical,1,0.00008
tyranny,1,0.00008
ultimate,7,0.00056
ultimately,5,0.00040
unable,3,0.00024
unaccustomed,1,0.00008
unaffected,1,0.00008
unalloyed,2,0.00016
unattainable,1,0.00008
uncertain,1,0.00008
uncertainty,3,0.00024
unchangeable,2,0.00016
unchanged,1,0.00008
unchanging,1,0.00008
uncomfortable,1,0.00008
uncommon,1,0.00008
unconscious,1,0.00008
unconsciously,2,0.00016
undeniable,1,0.00008
undeniably,1,0.00008
underlie,1,0.00008
underlies,1,0.00008
underlying,2,0.00016
understand,21,0.00168
understood,6,0.00048
undertake,1,0.00008
undiminished,1,0.00008
undoubtedly,4,0.00032
undue,1,0.00008
unduly,3,0.00024
unenforceability,1,0.00008
unexamined,2,0.00016
unexpectedly,1,0.00008
unexperienced,1,0.00008
unfamiliar,2,0.00016
unhesitatingly,2,0.00016
uniform,2,0.00016
uniformities,3,0.00024
uniformity,4,0.00032
unimportant,1,0.00008
union,6,0.00048
united,3,0.00024
unites,1,0.00008
uniting,1,0.00008
unity,12,0.00096
universal,29,0.00232
universality,2,0.00016
universals,55,0.00439
universe,30,0.00240
unknowable,3,0.00024
unknown,3,0.00024
unlearn,1,0.00008
unlink,1,0.00008
unnecessary,3,0.00024
unplausible,1,0.00008
unprotected,1,0.00008
unpublished,1,0.00008
unreal,2,0.00016
unreality,2,0.00016
unreasonable,2,0.00016
unreflectingly,1,0.00008
unreflective,1,0.00008
unsafe,1,0.00008
unsolicited,1,0.00008
unsolved,1,0.00008
unsound,1,0.00008
unsuspected,1,0.00008
untrue,3,0.00024
unusual,1,0.00008
unwarrantable,1,0.00008
unwise,1,0.00008
updated,1,0.00008
upset,1,0.00008
upstairs,1,0.00008
urged,3,0.00024
urges,1,0.00008
usage,1,0.00008
useless,3,0.00024
user,3,0.00024
usual,3,0.00024
utility,3,0.00024
utter,2,0.00016
uttering,2,0.00016
utterly,2,0.00016
vague,4,0.00032
vagueness,1,0.00008
vaguer,1,0.00008
vain,1,0.00008
valid,10,0.00080
validity,7,0.00056
validly,4,0.00032
valleys,1,0.00008
valuable,4,0.00032
variable,1,0.00008
variations,1,0.00008
variety,1,0.00008
variously,1,0.00008
vary,2,0.00016
varying,1,0.00008
vast,1,0.00008
veil,1,0.00008
verbs,7,0.00056
verification,1,0.00008
version,1,0.00008
view,52,0.00415
viewed,2,0.00016
viewing,1,0.00008
views,5,0.00040
vindicate,1,0.00008
violates,1,0.00008
violent,1,0.00008
virtue,5,0.00040
virtuous,1,0.00008
virus,1,0.00008
visit,2,0.00016
visual,2,0.00016
vital,2,0.00016
vitally,2,0.00016
vivid,2,0.00016
vividness,2,0.00016
voice,1,0.00008
voices,1,0.00008
void,1,0.00008
volume,1,0.00008
volunteer,1,0.00008
volunteers,4,0.00032
votes,3,0.00024
voyage,1,0.00008
waking,5,0.00040
walk,1,0.00008
walks,1,0.00008
walled,1,0.00008
walls,1,0.00008
war,1,0.00008
warranties,1,0.00008
warrants,1,0.00008
waste,1,0.00008
waves,5,0.00040
wear,1,0.00008
wearing,1,0.00008
weather,1,0.00008
weight,1,0.00008
west,1,0.00008
whatsoever,2,0.00016
white,16,0.00128
whiteness,15,0.00120
wholly,17,0.00136
wide,3,0.00024
wider,2,0.00016
widespread,2,0.00016
widest,4,0.00032
window,1,0.00008
wisdom,2,0.00016
wise,1,0.00008
wishes,5,0.00040
wonderful,1,0.00008
wooden,1,0.00008
word,38,0.00304
wore,1,0.00008
worlds,4,0.00032
worst,1,0.00008
worth,5,0.00040
worthy,2,0.00016
wrings,1,0.00008
writers,1,0.00008
writing,5,0.00040
writings,2,0.00016
written,3,0.00024
wrong,6,0.00048
wrongly,3,0.00024
wrung,2,0.00016
yesterday,4,0.00032
yield,1,0.00008
